,WARD,HTML
0,3,<option value='3'>3</option>
4,32,<option value='32'>32</option>
5,8,<option value='8'>8</option>
7,24,<option value='24'>24</option>
11,11,<option value='11'>11</option>
12,46,<option value='46'>46</option>
14,9,<option value='9'>9</option>
23,21,<option value='21'>21</option>
24,36,<option value='36'>36</option>
25,38,<option value='38'>38</option>
33,34,<option value='34'>34</option>
35,30,<option value='30'>30</option>
50,12,<option value='12'>12</option>
59,10,<option value='10'>10</option>
60,27,<option value='27'>27</option>
69,40,<option value='40'>40</option>
70,49,<option value='49'>49</option>
74,47,<option value='47'>47</option>
76,26,<option value='26'>26</option>
92,2,<option value='2'>2</option>
94,41,<option value='41'>41</option>
100,6,<option value='6'>6</option>
110,1,<option value='1'>1</option>
136,33,<option value='33'>33</option>
172,35,<option value='35'>35</option>
180,44,<option value='44'>44</option>
195,18,<option value='18'>18</option>
233,42,<option value='42'>42</option>
263,37,<option value='37'>37</option>
264,28,<option value='28'>28</option>
282,7,<option value='7'>7</option>
284,15,<option value='15'>15</option>
339,25,<option value='25'>25</option>
340,17,<option value='17'>17</option>
341,29,<option value='29'>29</option>
394,14,<option value='14'>14</option>
406,45,<option value='45'>45</option>
434,23,<option value='23'>23</option>
455,31,<option value='31'>31</option>
462,39,<option value='39'>39</option>
512,22,<option value='22'>22</option>
514,48,<option value='48'>48</option>
548,43,<option value='43'>43</option>
609,19,<option value='19'>19</option>
715,4,<option value='4'>4</option>
852,20,<option value='20'>20</option>
987,16,<option value='16'>16</option>
1105,50,<option value='50'>50</option>
1164,13,<option value='13'>13</option>
1625,5,<option value='5'>5</option>
